{
  "ret": -0.016647889046790376,
  "vol": 0.0044182730001988
}