{"ret": -0.011493021142516713, "vol": 0.005415500615213891}