{
  "ret": -0.02185858095480253,
  "vol": 0.0041618170756016985
}