{
  "ret": -0.004395218918474719,
  "vol": 0.00342409700544492
}